id;document_number;first_name;second_name;first_last_name;second_last_name;neighborhood;cell_phone_number;city;department;email;callsign;country;phone_number;rol
1;cutting-edge Ensalada Peso;María Elena;cohesiva;metodologías;generación target;Azerbayán Baleares Rica;Hecho Amiga;Margaritaburgh;Morado generación;Jaime_Uras31@yahoo.com;Rupe;Austria;Hormigon En;COACH
2;Música USB;Ana Luisa;Operaciones connect;backing;Futuro XSS;Mercados;seamless Di;María Joséview;facilitate Solar;Silvia57@yahoo.com;Asis;Suriname;Aplicacione;AFFILIATE
3;intuitive Deportes;María Cristina;inversa copy;Integración Gerente defectos;Directo;disintermediate Madera;Ordenador;Cartagena Gracielaton;multiestado Sabroso optical;Reina_Avils64@hotmail.com;Mora;Vanuatu;Salud;COACH
4;Increible Buckinghamshire;Ignacio;Seguridada;pixel;Jordanian;overriding primary;Loan Jefe;Richmond;Marroquinería de Arrabal;scar_Molina@gmail.com;Viol;Indonesia;optical;COACH
5;models;Reina;Seychelles Coche Conjunto;Genérico;Productor navigate Parafarmacia;Productor Inteligente GB;Cliente;Telde Ariadnastad;trabajo;Esperanza_Saldivar36@yahoo.com;Dire;Eslovaquia;sinergia;AFFILIATE
6;Forint Poblado hack;Graciela;GB;Grupo integrate;invoice;magnetic Rial;Morado Tanz;Cornellá de Llobregat Sergioside;innovadora;Norma72@gmail.com;Ensa;Letonia;Web transmi;COACH
7;Pelota SCSI customized;Verónica;up;Relacciones Méjico Joyería;Queso 3rd;IB middleware;optical hac;Murillochester;markets;Lourdes48@hotmail.com;Acer;Singapur;migración N;AFFILIATE
8;Configuración Pescado;Antonia;Mongolia Serbian;Nacional partnerships;circuit Bicicleta;Artesanal Bhutanese withdrawal;payment;Bakersfield;synthesizing calculate;Carolina.Rentera81@yahoo.com;Inve;Uzbekistan;Asistente;COACH
9;Rupee deposit;Caridad;Ingeniero;relationships Plaza;Galicia;deposit Uganda soporte;compress GB;Arrecife Patriciofurt;input Extremadura Malasia;Hernn_Aguayo@gmail.com;Astu;Taiwan;invoice Ens;COACH
10;invoice withdrawal Representante;Catalina;Toallas Identidad;Leone e-markets;Costa Mascotas Sorprendente;Afghani global aprovechar;application;Jorgeport;Ingeniero;Mariano.Rivero45@hotmail.com;ROI ;Colombia;solutions m;COACH
