id;document_number_contact;cell_phone_number;country;city;email;department;first_name;second_name;first_last_name;second_last_name;neighborhood
1;Configuración;reboot synt;Perú;Grand Rapids;Adriana_Vela@gmail.com;Patatas;Armando;dynamic inteligencia;Gris Dollar Calleja;Guapo generación;Berkshire calculate
2;supply-chains;estandardiz;Estonia;Telde Sonia;Norma58@hotmail.com;Granito;Catalina;utilize;Algodón withdrawal;Violeta;invoice monitorizar
3;Buckinghamshire;Galicia syn;Maldivas;Jaén Carmen;Reina_Hernndez@hotmail.com;SMTP;Lorena;relationships;target generating Canarias;Verde;Reactivo Adaptativo Subida
4;Malta Castilla-La;encriptar m;Dominica;Hoffman Estates;Pilar57@gmail.com;Bedfordshire neural Loan;Sara;Planificador Informática connect;Cambridgeshire Azul;Huerta input;Ensalada
5;Bricolaje Apartamento Galicia;Facilitador;Gabón;Alejandroview;Manuela_Reyes@gmail.com;Chad;María;Enfocado deposit;redundant invoice facilitate;Amarillo;núcleo
6;Forint Rústico;Rojo Border;Guadalupe;La Línea de la Concepción Miguel;Luz47@gmail.com;Asturias Berkshire;Rosalia;PNG Multi IB;de;Heredado technologies;Ergonómico ubiquitous Ladrillo
7;back-end e-enable;Metal Bacon;Camerún;Almería Armando;Sonia_Enrquez@yahoo.com;Queso;Rosa;Bicicleta;B2C;Inteligente Comunidad Sopa;a
8;Moda plug-and-play Diseñador;Sabroso;Chad;Gómezshire;Dorotea21@hotmail.com;Paradigma Guinea;Raúl;Municipio Sabroso;Silla;disintermediate Cliente;Colegio
9;connecting Poland Metal;móbil Consu;Reino Unido;Tapiamouth;JosMara.Ros29@hotmail.com;Vanuatu hibrida;Clemente;overriding Barrio Bedfordshire;Pollo Cambridgeshire Pollo;Regional Méjico;Teclado Account mano
10;Fantástico Buckinghamshire;Librería;Timor-Leste;Murcia Robertoberg;Rosa89@yahoo.com;revolutionary bypass;Luis Miguel;cross-platform;protocol Travesía Raton;Lek indexing;Granito
